
{
  "version": 2,
  "regions": ["iad1"],
  "buildCommand": "npm run build",
  "outputDirectory": ".next",
  "installCommand": "npm install --legacy-peer-deps",
  "framework": "nextjs",
  "functions": {
    "app/api/**/*.js": {
      "maxDuration": 30
    },
    "app/api/**/*.ts": {
      "maxDuration": 30
    }
  },
  "crons": [
    {
      "path": "/api/cron/cleanup",
      "schedule": "0 2 * * *"
    }
  ],
  "headers": [
    {
      "source": "/(.*)",
      "headers": [
        {
          "key": "X-Content-Type-Options",
          "value": "nosniff"
        },
        {
          "key": "X-Frame-Options",
          "value": "DENY"
        },
        {
          "key": "X-XSS-Protection",
          "value": "1; mode=block"
        },
        {
          "key": "Referrer-Policy",
          "value": "origin-when-cross-origin"
        }
      ]
    }
  ],
  "rewrites": [
    {
      "source": "/api/(.*)",
      "destination": "/api/$1"
    }
  ]
}
